{"schemaVersion":"1.0","appDefinitionTemplate":{"id":"/providers/Microsoft.PowerApps/apps/","type":"Microsoft.PowerApps/apps","tags":{"primaryDeviceWidth":"1366","primaryDeviceHeight":"768","sienaVersion":"20200611T071646Z-3.20061.23.0","deviceCapabilities":"","supportsPortrait":"false","supportsLandscape":"true","primaryFormFactor":"Tablet","publisherVersion":"3.20061.23","minimumRequiredApiVersion":"2.2.0","hasComponent":"true","hasUnlockedComponent":"true","isUnifiedRootApp":"false"},"properties":{"appVersion":"2020-06-11T07:16:46Z","lifeCycleId":"Published","createdByClientVersion":{"major":3,"minor":20061,"build":23,"revision":0,"majorRevision":0,"minorRevision":0},"minClientVersion":{"major":3,"minor":20061,"build":23,"revision":0,"majorRevision":0,"minorRevision":0},"backgroundColor":"rgba(0, 99, 177, 1)","backgroundImageUri":"/6358358843579370443/N84ff9e27-ba39-4054-b65c-0cabe1c4ca9e-logoSmallFile","displayName":"リモートワーク対応業務連絡アプリ-GA","description":"","commitMessage":"","appUris":{"documentUri":{"value":"/6358358843579370443/Nf97e6125-35ea-4701-9b95-4c23dcff7772-document.msapp","readonlyValue":"/6358358843579370443/Nf97e6125-35ea-4701-9b95-4c23dcff7772-document.msapp"},"imageUris":[]},"createdTime":"0001-01-01T00:00:00Z","lastModifiedTime":"0001-01-01T00:00:00Z","sharedGroupsCount":0,"sharedUsersCount":0,"icons":{"smallIconUri":"/6358358843579370443/N6834acc0-5b57-4193-b234-e69b790dc9dc-small.png","mediumIconUri":"/6358358843579370443/N4041c1f9-fcae-496f-aca8-538817fcfe9b-medium.png","largeIconUri":"/6358358843579370443/N1fb19547-9f8f-4efa-9eaa-e825b3552c52-large.png","wideIconUri":"/6358358843579370443/N7a0a2860-c0ff-49bc-af60-9bf98d2fae15-wide.png"},"connectionReferences":{"1d24cf73-f012-490b-867d-013ec79de256":{"id":"1e4012e0-9b2d-41ac-bc99-e85f3fbc6df8","displayName":"Office 365 ユーザー","iconUri":"https://connectoricons-prod.azureedge.net/office365users/icon_1.0.1355.2020.png","dataSources":["Office365ユーザー"],"dependencies":[],"dependents":[],"parameterHints":{},"isOnPremiseConnection":false,"bypassConsent":false,"dataSets":{},"apiTier":"Standard","isCustomApiConnection":false},"c2eda2a3-021f-4410-bd3f-8c7312e2da15":{"id":"173be651-8a20-49e5-8903-f499c0f12dd5","displayName":"Office 365 Outlook","iconUri":"https://connectoricons-prod.azureedge.net/office365/icon_1.0.1356.2027.png","dataSources":["Office365Outlook"],"dependencies":[],"dependents":[],"parameterHints":{},"isOnPremiseConnection":false,"bypassConsent":false,"dataSets":{},"apiTier":"Standard","isCustomApiConnection":false},"76a57878-49a7-4c04-b459-181769d61cfc":{"id":"3796ad75-1f7f-48eb-a0aa-2ea2a01c9c4f","displayName":"Microsoft Teams","iconUri":"https://connectoricons-prod.azureedge.net/teams/icon_1.0.1355.2020.png","dataSources":["MicrosoftTeams"],"dependencies":[],"dependents":["f040c160-abca-4b6c-ba11-d8a8e94cc9db"],"parameterHints":{},"isOnPremiseConnection":false,"bypassConsent":false,"dataSets":{},"apiTier":"Standard","isCustomApiConnection":false},"224dbdc7-4053-4eb0-81d7-0a6d482e0da5":{"id":"0c6d9090-963b-4f9e-8eb9-f0c2893060cc","displayName":"RSS","iconUri":"https://connectoricons-prod.azureedge.net/rss/icon_1.0.1350.2003.png","dataSources":["RSS"],"dependencies":[],"dependents":[],"parameterHints":{},"isOnPremiseConnection":false,"bypassConsent":false,"dataSets":{},"apiTier":"Standard","isCustomApiConnection":false},"f040c160-abca-4b6c-ba11-d8a8e94cc9db":{"id":"bdce03cf-20f4-4ccd-b018-d9afe3548ef4","displayName":"Logic flows","iconUri":"https://resourcestackdeploy.blob.core.windows.net/scripts/13276078.png","dataSources":["SendKudostoMicrosoftTeams"],"dependencies":["76a57878-49a7-4c04-b459-181769d61cfc"],"dependents":[],"parameterHints":{"workflowName":{"value":"29d28286-5360-49e0-a040-4d27ebb0a0a1"},"76a57878-49a7-4c04-b459-181769d61cfc":{"value":"shared_teams"}},"isOnPremiseConnection":false,"bypassConsent":false,"dataSets":{},"apiTier":"Standard","isCustomApiConnection":false}},"databaseReferences":{"default.cds":{"databaseDetails":{"referenceType":"Environmental","environmentName":"default.cds"},"dataSources":{"アプリ設定":{"entitySetName":"ci_configadminsetups","logicalName":"ci_configadminsetup"},"社員マスタ":{"entitySetName":"ci_employees","logicalName":"ci_employee"},"日報":{"entitySetName":"ci_dailyreports","logicalName":"ci_dailyreport"},"会社のニュース":{"entitySetName":"ci_companynewses","logicalName":"ci_companynews"},"ユーザー ":{"entitySetName":"systemusers","logicalName":"systemuser"},"賞賛":{"entitySetName":"ci_kudoses","logicalName":"ci_kudos"},"検温記録":{"entitySetName":"ci_healthcheckrecords","logicalName":"ci_healthcheckrecord"},"よくある質問":{"entitySetName":"ci_faqs","logicalName":"ci_faq"},"便利情報":{"entitySetName":"ci_helpfultipses","logicalName":"ci_helpfultips"},"リンク集":{"entitySetName":"ci_usefulinkses","logicalName":"ci_usefulinks"},"緊急連絡先":{"entitySetName":"ci_contactses","logicalName":"ci_contacts"}}}},"almMode":"Environment","performanceOptimizationEnabled":false,"canConsumeAppPass":true},"isAppComponentLibrary":false,"appType":"ClassicCanvasApp","appComponents":[]}}