{"schemaVersion":"1.0","appDefinitionTemplate":{"id":"/providers/Microsoft.PowerApps/apps/","type":"Microsoft.PowerApps/apps","tags":{"primaryDeviceWidth":"1366","primaryDeviceHeight":"768","sienaVersion":"20200519T022539Z-3.20051.16.0","deviceCapabilities":"","supportsPortrait":"false","supportsLandscape":"true","primaryFormFactor":"Tablet","publisherVersion":"3.20051.16","minimumRequiredApiVersion":"2.2.0","hasComponent":"true","hasUnlockedComponent":"true","isUnifiedRootApp":"false"},"properties":{"appVersion":"2020-05-19T02:25:39Z","lifeCycleId":"Published","createdByClientVersion":{"major":3,"minor":20051,"build":16,"revision":0,"majorRevision":0,"minorRevision":0},"minClientVersion":{"major":3,"minor":20051,"build":16,"revision":0,"majorRevision":0,"minorRevision":0},"backgroundColor":"rgba(0, 99, 177, 1)","backgroundImageUri":"/6358358843579370443/N768eea0c-6f68-47e7-8228-17c5897f51c2-logoSmallFile","displayName":"リモートワーク対応業務連絡アプリ-GA","description":"","commitMessage":"","appUris":{"documentUri":{"value":"/6358358843579370443/N96b5f83a-cd84-4269-ad93-de7481b151f9-document.msapp","readonlyValue":"/6358358843579370443/N96b5f83a-cd84-4269-ad93-de7481b151f9-document.msapp"},"imageUris":[]},"createdTime":"0001-01-01T00:00:00Z","lastModifiedTime":"0001-01-01T00:00:00Z","sharedGroupsCount":0,"sharedUsersCount":0,"icons":{"smallIconUri":"/6358358843579370443/Na8f62c45-6616-45a9-a786-e5e3a8382738-small.png","mediumIconUri":"/6358358843579370443/Na8588aeb-9b3f-48a2-bd41-737abf163648-medium.png","largeIconUri":"/6358358843579370443/Ne2af23ee-66f4-4d79-bd53-8e501ebfa1a0-large.png","wideIconUri":"/6358358843579370443/N3af7204e-ce11-4947-8c9f-2cb5f505e810-wide.png"},"connectionReferences":{"1d24cf73-f012-490b-867d-013ec79de256":{"id":"1e4012e0-9b2d-41ac-bc99-e85f3fbc6df8","displayName":"Office 365 ユーザー","iconUri":"https://connectoricons-prod.azureedge.net/office365users/icon_1.0.1335.1964.png","dataSources":["Office365ユーザー"],"dependencies":[],"dependents":[],"parameterHints":{},"isOnPremiseConnection":false,"bypassConsent":false,"dataSets":{},"apiTier":"Standard","isCustomApiConnection":false},"c2eda2a3-021f-4410-bd3f-8c7312e2da15":{"id":"173be651-8a20-49e5-8903-f499c0f12dd5","displayName":"Office 365 Outlook","iconUri":"https://connectoricons-prod.azureedge.net/office365/icon_1.0.1344.1994.png","dataSources":["Office365Outlook"],"dependencies":[],"dependents":[],"parameterHints":{},"isOnPremiseConnection":false,"bypassConsent":false,"dataSets":{},"apiTier":"Standard","isCustomApiConnection":false},"76a57878-49a7-4c04-b459-181769d61cfc":{"id":"3796ad75-1f7f-48eb-a0aa-2ea2a01c9c4f","displayName":"Microsoft Teams","iconUri":"https://connectoricons-prod.azureedge.net/teams/icon_1.0.1335.1964.png","dataSources":["MicrosoftTeams"],"dependencies":[],"dependents":["f040c160-abca-4b6c-ba11-d8a8e94cc9db"],"parameterHints":{},"isOnPremiseConnection":false,"bypassConsent":false,"dataSets":{},"apiTier":"Standard","isCustomApiConnection":false},"224dbdc7-4053-4eb0-81d7-0a6d482e0da5":{"id":"0c6d9090-963b-4f9e-8eb9-f0c2893060cc","displayName":"RSS","iconUri":"https://connectoricons-prod.azureedge.net/rss/icon_1.0.1335.1964.png","dataSources":["RSS"],"dependencies":[],"dependents":[],"parameterHints":{},"isOnPremiseConnection":false,"bypassConsent":false,"dataSets":{},"apiTier":"Standard","isCustomApiConnection":false},"f040c160-abca-4b6c-ba11-d8a8e94cc9db":{"id":"bdce03cf-20f4-4ccd-b018-d9afe3548ef4","displayName":"Logic flows","iconUri":"https://resourcestackdeploy.blob.core.windows.net/scripts/13276078.png","dataSources":["SendKudostoMicrosoftTeams"],"dependencies":["76a57878-49a7-4c04-b459-181769d61cfc"],"dependents":[],"parameterHints":{"workflowName":{"value":"29d28286-5360-49e0-a040-4d27ebb0a0a1"},"76a57878-49a7-4c04-b459-181769d61cfc":{"value":"shared_teams"}},"isOnPremiseConnection":false,"bypassConsent":false,"dataSets":{},"apiTier":"Standard","isCustomApiConnection":false}},"databaseReferences":{"default.cds":{"databaseDetails":{"referenceType":"Environmental","environmentName":"default.cds"},"dataSources":{"アプリ設定":{"entitySetName":"ci_configadminsetups","logicalName":"ci_configadminsetup"},"社員マスタ":{"entitySetName":"ci_employees","logicalName":"ci_employee"},"日報":{"entitySetName":"ci_dailyreports","logicalName":"ci_dailyreport"},"会社のニュース":{"entitySetName":"ci_companynewses","logicalName":"ci_companynews"},"ユーザー ":{"entitySetName":"systemusers","logicalName":"systemuser"},"賞賛":{"entitySetName":"ci_kudoses","logicalName":"ci_kudos"},"検温記録":{"entitySetName":"ci_healthcheckrecords","logicalName":"ci_healthcheckrecord"},"よくある質問":{"entitySetName":"ci_faqs","logicalName":"ci_faq"},"便利情報":{"entitySetName":"ci_helpfultipses","logicalName":"ci_helpfultips"},"リンク集":{"entitySetName":"ci_usefulinkses","logicalName":"ci_usefulinks"},"緊急連絡先":{"entitySetName":"ci_contactses","logicalName":"ci_contacts"}}}},"almMode":"Environment","performanceOptimizationEnabled":false,"canConsumeAppPass":true},"isAppComponentLibrary":false,"appType":"ClassicCanvasApp","appComponents":[]}}