{"name":"c8564aae-c7aa-47cc-9969-3d343cd69963","id":"/providers/Microsoft.Flow/flows/c8564aae-c7aa-47cc-9969-3d343cd69963","type":"Microsoft.Flow/flows","properties":{"apiId":"/providers/Microsoft.PowerApps/apis/shared_logicflows","displayName":"Send Kudos to Microsoft Teams","definition":{"metadata":{"workflowEntityId":null,"creator":{"id":"d9b90c3e-00f9-473b-bd86-d77e3b37f97a","type":"User","tenantId":"c639b047-e5b1-4cdf-a3d4-4220502193b8"},"provisioningMethod":"FromDefinition","failureAlertSubscription":true,"clientLastModifiedTime":"2020-06-01T07:35:11.7949044Z"},"$schema":"https://schema.management.azure.com/providers/Microsoft.Logic/schemas/2016-06-01/workflowdefinition.json#","contentVersion":"1.0.0.0","parameters":{"$connections":{"defaultValue":{},"type":"Object"},"$authentication":{"defaultValue":{},"type":"SecureObject"}},"triggers":{"manual":{"type":"Request","kind":"PowerApp","inputs":{"schema":{"type":"object","properties":{"独自のアダプティブカードをフローボットとしてチャンネルに投稿する_チーム":{"type":"string","description":"チーム ID を追加します","x-ms-powerflows-param-ispartial":false},"独自のアダプティブカードをフローボットとしてチャンネルに投稿する_Channel":{"type":"string","description":"Add Teams channel ID","x-ms-powerflows-param-ispartial":false},"独自のアダプティブカードをフローボットとしてチャンネルに投稿する_Message":{"type":"string","description":"。このパラメーターは、次の一部として使用されます: \"F5E129FD-CA0C-4A50-8DEB-B29C264B1B7A\"","x-ms-powerflows-param-ispartial":true},"独自のアダプティブカードをフローボットとしてチャンネルに投稿する_Message_1":{"type":"string"},"独自のアダプティブカードをフローボットとしてチャンネルに投稿する_Message_2":{"type":"string"},"独自のアダプティブカードをフローボットとしてチャンネルに投稿する_Message_3":{"type":"string"},"独自のアダプティブカードをフローボットとしてチャンネルに投稿する_Message_4":{"type":"string"},"独自のアダプティブカードをフローボットとしてチャンネルに投稿する_Message_5":{"type":"string"},"独自のアダプティブカードをフローボットとしてチャンネルに投稿する_Message_6":{"type":"string"},"独自のアダプティブカードをフローボットとしてチャンネルに投稿する_Message_7":{"type":"string"},"独自のアダプティブカードをフローボットとしてチャンネルに投稿する_Message_8":{"type":"string"}},"required":["独自のアダプティブカードをフローボットとしてチャンネルに投稿する_チーム","独自のアダプティブカードをフローボットとしてチャンネルに投稿する_Channel","独自のアダプティブカードをフローボットとしてチャンネルに投稿する_Message","独自のアダプティブカードをフローボットとしてチャンネルに投稿する_Message_1","独自のアダプティブカードをフローボットとしてチャンネルに投稿する_Message_2","独自のアダプティブカードをフローボットとしてチャンネルに投稿する_Message_3","独自のアダプティブカードをフローボットとしてチャンネルに投稿する_Message_4","独自のアダプティブカードをフローボットとしてチャンネルに投稿する_Message_5","独自のアダプティブカードをフローボットとしてチャンネルに投稿する_Message_6","独自のアダプティブカードをフローボットとしてチャンネルに投稿する_Message_7","独自のアダプティブカードをフローボットとしてチャンネルに投稿する_Message_8"]}}}},"actions":{"独自のアダプティブ_カードをフロー_ボットとしてチャンネルに投稿する":{"runAfter":{},"metadata":{"flowSystemMetadata":{"swaggerOperationId":"PostChannelAdaptiveCard"}},"type":"ApiConnection","inputs":{"host":{"connection":{"name":"@json(decodeBase64(triggerOutputs().headers['X-MS-APIM-Tokens']))['$connections']['shared_teams']['connectionId']"},"api":{"runtimeUrl":"https://japan-001.azure-apim.net/apim/teams"}},"method":"post","body":{"recipient":{"channelId":"@triggerBody()['独自のアダプティブカードをフローボットとしてチャンネルに投稿する_Channel']"},"messageBody":"{\n    \"$schema\": \"http://adaptivecards.io/schemas/adaptive-card.json\",\n    \"type\": \"AdaptiveCard\",\n    \"version\": \"1.0\",\n    \"speak\": \"The Seattle Seahawks beat the Carolina Panthers 40-7\",\n    \"body\": [\n        {\n            \"type\": \"Container\",\n            \"items\": [\n                {\n                    \"type\": \"ColumnSet\",\n                    \"columns\": [\n                        {\n                            \"type\": \"Column\",\n                            \"width\": \"auto\",\n                            \"items\": [\n                                {\n                                    \"type\": \"Image\",\n                                    \"url\": \"https://teams.microsoft.com/api/mt/apac/beta/users/@{triggerBody()['独自のアダプティブカードをフローボットとしてチャンネルに投稿する_Message']}/profilepicturev2?displayname=@{triggerBody()['独自のアダプティブカードをフローボットとしてチャンネルに投稿する_Message_1']}&voidCache=false\",\n                                    \"size\": \"Medium\",\n                                    \"style\": \"Person\"\n                                },\n                                {\n                                    \"type\": \"TextBlock\",\n                                    \"text\": \"@{triggerBody()['独自のアダプティブカードをフローボットとしてチャンネルに投稿する_Message_2']}\",\n                                    \"horizontalAlignment\": \"Center\",\n                                    \"weight\": \"Bolder\"\n                                }\n                            ]\n                        },\n                        {\n                            \"type\": \"Column\",\n                            \"width\": \"stretch\",\n                            \"separator\": true,\n                            \"spacing\": \"Medium\",\n                            \"items\": [\n                                {\n                                    \"type\": \"TextBlock\",\n                                    \"text\": \"@{triggerBody()['独自のアダプティブカードをフローボットとしてチャンネルに投稿する_Message_3']}\",\n                                    \"horizontalAlignment\": \"Center\",\n                                    \"size\": \"Large\"\n                                },\n                                {\n                                    \"type\": \"TextBlock\",\n                                    \"text\": \"@{triggerBody()['独自のアダプティブカードをフローボットとしてチャンネルに投稿する_Message_4']}\",\n                                    \"spacing\": \"None\",\n                                    \"horizontalAlignment\": \"Center\",\n                                    \"size\": \"Medium\"\n                                },\n                                {\n                                    \"type\": \"TextBlock\",\n                                    \"text\": \"@{triggerBody()['独自のアダプティブカードをフローボットとしてチャンネルに投稿する_Message_5']}\",\n                                    \"size\": \"Small\",\n                                    \"horizontalAlignment\": \"Center\"\n                                }\n                            ]\n                        },\n                        {\n                            \"type\": \"Column\",\n                            \"width\": \"auto\",\n                            \"separator\": true,\n                            \"spacing\": \"Medium\",\n                            \"items\": [\n                                {\n                                    \"type\": \"Image\",\n                                    \"url\": \"https://teams.microsoft.com/api/mt/apac/beta/users/@{triggerBody()['独自のアダプティブカードをフローボットとしてチャンネルに投稿する_Message_6']}/profilepicturev2?displayname=@{triggerBody()['独自のアダプティブカードをフローボットとしてチャンネルに投稿する_Message_7']}&voidCache=false\",\n                                    \"size\": \"Medium\",\n                                    \"horizontalAlignment\": \"Center\",\n                                    \"style\": \"Person\"\n                                },\n                                {\n                                    \"type\": \"TextBlock\",\n                                    \"text\": \"@{triggerBody()['独自のアダプティブカードをフローボットとしてチャンネルに投稿する_Message_8']}\",\n                                    \"horizontalAlignment\": \"Center\",\n                                    \"weight\": \"Bolder\"\n                                }\n                            ]\n                        }\n                    ]\n                }\n            ]\n        }\n    ]\n}"},"path":"/flowbot/actions/adaptivecard/recipienttypes/channel","queries":{"groupId":"@triggerBody()['独自のアダプティブカードをフローボットとしてチャンネルに投稿する_チーム']"},"authentication":{"type":"Raw","value":"@json(decodeBase64(triggerOutputs().headers['X-MS-APIM-Tokens']))['$ConnectionKey']"}}}},"outputs":{},"description":"PowerApps のボタンまたはリンクがクリックされたときに起動する 1 つ以上のアクションを作成します。PowerApp からこのフローを使用するには、フローをトリガーするためのコントロールを選択し、PowerApps のリボンの [アクション] タブに移動して、フローを選択します。"},"connectionReferences":{"shared_teams":{"connectionName":"710ea07af39940e68e42e18effa99a5c","source":"Invoker","id":"/providers/Microsoft.PowerApps/apis/shared_teams","tier":"NotSpecified"}},"flowFailureAlertSubscribed":false}}